<?xml version="1.0" encoding="UTF-8"?>
<task description="360手机助手">


	<!--  timeOutSecond:抓取时请求超时时间(单位：秒)
	      errorRetry:抓取失败重连次数
	      errorDelayTime: 抓取失败后等待时间
		  fetchPrepareDelay:抓取前延迟时间(单位：秒)，防止对某个网站太频繁爬
		  runThreadNum:  线程数
		  charset:编码  (如果设为auto，会根据返回的页面编码标志取，如果取不到，可能会报错)
	 -->
	<fetchConfig charset="utf-8" timeOutSecond="5" errorRetry="5" errorDelayTime="10" runThreadNum="5"  fetchPrepareDelayTime="5" >
	
	
		    <userAgent>Mozilla/5.0 (compatible; webpasser;)</userAgent>
	    
			<headers>
			</headers>
	
			<!-- HTTP Cookie -->
			<cookies>
			<!--   <cookie  name="cookie1" value="" host="" path=""/>
		           <cookie name="cookie2" value="1"  /> -->
			</cookies>
			
			<!-- 代理设置： 从ip.txt中批量获读取ip,每次抓取随机使用某个ip -->
			<!-- <proxies path="ip.txt"></proxies> -->
			<!-- 单个代理获取 ，pollUrl的系统链接中需随机返回一个代理ip，格式是  ip:port  
			     (当使用proxy标签时proxies失效) 
			-->
		<!-- 	<proxy pollUrl="http://localhost:8083/proxyManage/pollProxyIp.action?task=xunbo" ></proxy>
	 -->
	
	</fetchConfig>
	
	 <customConfig>
	         <!-- 自定义rule -->
			<customRules>
			<!--           <customRule name="" classPath="com.hxt.webpasser.xxx" >
			         	 <property name="charSet" value="gbk" ></property>
			          </customRule> -->
			          
			          <customRule name="digJumpPage" classPath="com.hxt.webpasser.regular.Custom360ZhushouDemoRule" />
			</customRules>
	 
	 
	 
	 </customConfig>
	
	
	<!-- 抓取的域名范围 -->
	<scope>
		<limitHost value="zhushou.360.cn" />

	</scope> 
	
	<!-- 种子 -->
	<seeds>
		<seed url="http://zhushou.360.cn/list/index/cid/1" /> 
	</seeds>
	
	<page>
	
		<scope>
		   <rule type="regex" value="http://zhushou.360.cn/list/index(.*)" />
		</scope>
		<!-- 链接挖取 -->
	     <digLink  >
	          <rules>
					<rule type="xpath" value="//ul[@class='select']//a[@href]" attr="href"  />
						 <rule type="relativeToFullUrl"  /> 
				</rules>
	     </digLink>
	      <digLink>
	          <rules>
				          <!-- 自己定义的处理链 ,  分页 -->
						 <rule type="digJumpPage"  /> 
				</rules>
	     </digLink>
	      <!-- 详情页链接挖取-->
	      <digLink>
	          <rules>
				        <rule type="xpath" value="//ul[@id='iconList']//h3//a[@href]" attr="href"  />
				        <rule type="relativeToFullUrl"  /> 
				</rules>
	     </digLink>
	     
	</page>
	
	<!-- 解析具体的业务数据,处理后是一个map
	  -->
	<page>
	
		<scope>
		   <rule type="regex" value="http://zhushou.360.cn/detail/index/soft_id/(.*)" />
		</scope>
	
		<field name="title" >
			 <!-- 提取某个字段数据的处理链  -->
			<rules>
	   			 	 <rule type="xpath" value="//h2[@id='app-name']" exp="text()" />
	   	
				  
				<!-- 
				jsoup处理(jquery选择语法):
					<rule type="jsoup" value="a[^href]" attr="href"  />
					
				html页面的xpath处理(尽量使用jsoup,xpath对某些不规范网页解析可能有问题):
					<rule type="xpath" value="//div[@class='pic']//img[@alt]" attr="alt" />
					
				对xml页面的xpath处理
					<rule type="xmlxpath" value="//item//link" exp="text()" />
					
				对json页面数据的处理
					 <rule type="jsonpath" value="$.album_list[0].pushFlag" exp="text()" />
					 
		       	   正则处理:
		          <rule type="regex" value="导[\\s　  ]+演[\\s　:】：]*([^&lt;]*)" exp="inner" />
		          
		                               截取:
				  <rule type="cut" >
				     <pre><![CDATA[截取的头字符串]]></pre>
				     <end>截取的末字符串</end>
				  </rule>
				  
				  替换：
				  <rule type="replace" >
				     	<oldChars>替换的源字符串</oldChars>
				        <newChars>新字符串</newChars>
				  </rule>
				  
				  html转text:
				  <rule type="toText" >
				  </rule>
				  
				 html标签过滤:
				   <rule type="tagDel" > 
				     	<tag>a</tag>
				     	<tag>li</tag>
				  </rule>
				  
				  字符串拼接: [$mid]表示<field name="mid" />的值,默认会有 [$fetchUrl],[$taskName]值
				    <rule type="combine" value="xxx[$mid]xxx" />
				    
				 分割成数组(必须最后用):
						  <rule type="split" >
						   		<param name="splitMark" value="###" />
						  </rule>
				     -->
				  
			</rules>
			
		</field>
		
		<field name="title" >
			 <!-- 提取某个字段数据的处理链  -->
			<rules>
	   			 	 <rule type="xpath" value="//h2[@id='app-name']" exp="text()" />
	   	

			</rules>
			
		</field>
		
		<field name="downlink" >
			 <!-- 提取某个字段数据的处理链  -->
			<rules>
	   			 	 <rule type="jsoup" value="a[class^=js-downLog]" attr="href"  />
	   			  <rule type="cut" >
				     <pre><![CDATA[url=]]></pre>
				     <end></end>
				  </rule>

			</rules>
			
		</field>
		
		
		  <!-- 下载的人还喜欢 链接挖取-->
	      <digLink>
	          <rules>
	          			<rule type="combine" value="[$fetchUrl]" />
	          			<!-- 获取soft_id -->
	          			 <rule type="cut" >
				     		<pre><![CDATA[soft_id/]]></pre>
				     		<end><![CDATA[/]]></end>
				  		</rule>
	          			<rule type="combine" value="http://openbox.mobilem.360.cn/Guessyoulike/detail?callback=jQuery17209433662367518991_1468981670903&amp;softId=[$this]&amp;start=0&amp;count=30" />
				       
				</rules>
	     </digLink>
		
	
	</page>
	

	<page>
		<scope>
		   <rule type="regex" value="http://openbox.mobilem.360.cn/Guessyoulike/detail(.*)" />
		</scope>
		
		<field name="apps" >
			 <!-- 提取某个字段数据的处理链  -->
			<rules>
	   			 <rule type="cut" >
				     		<pre><![CDATA[68981670903(]]></pre>
				     		<end><![CDATA[)]]></end>
				 </rule>
	   			 <rule type="jsonpath" value="$.apps" />

			</rules>
		</field>
	</page>

	 <!-- 抓取解析后的数据持久化 -->
	  <resultHandler target="handleResultMapInterface" classPath="com.hxt.webpasser.persistent.impl.DiskJsonHandleResult">
	 			<property name="rootDir" value="downdir/path/360zhushou" ></property>
	 			<property name="charSet" value="utf-8" ></property>
	 </resultHandler>
	 
	 <!-- 抓取过程某阶段触发器 -->
	 <triggers>
	<!--   <trigger classPath="com.hxt.webpasser.trigger.impl.SpiderTaskProxyFeedbackTrigger">
			构造器注入:   ref 是com.hxt.webpasser.spider.SpiderController的属性
	 		 <constructor >
	 		      <arg ref="taskName" ></arg>
	 		      <arg ref="xmlTask" ></arg>
	 		</constructor>
	 		getter setter属性注入
	 		<property name="taskName" ref="" ></property>
	       </trigger> -->
	     
	 </triggers>
	 

	 
	
</task>
