<beans xmlns="http://www.springframework.org/schema/beans"
       xmlns:xsi="http://www.w3.org/2001/XMLSchema-instance"
       xmlns:aop="http://www.springframework.org/schema/aop"
       xmlns:tx="http://www.springframework.org/schema/tx"
       xmlns:context="http://www.springframework.org/schema/context"
       xsi:schemaLocation="
       http://www.springframework.org/schema/beans http://www.springframework.org/schema/beans/spring-beans-3.2.xsd
       http://www.springframework.org/schema/aop http://www.springframework.org/schema/aop/spring-aop-3.2.xsd
       http://www.springframework.org/schema/tx http://www.springframework.org/schema/tx/spring-tx-3.2.xsd
        http://www.springframework.org/schema/context http://www.springframework.org/schema/context/spring-context-3.2.xsd">
       
	<bean id="propertyConfigurer" class="org.springframework.beans.factory.config.PropertyPlaceholderConfigurer">
	        <property name="locations">
	            <list>
	                 <!--  -->
	                <!-- <value>classpath:db-master.properties</value>
	                <value>classpath:db-slave.properties</value> -->
	                
	                <value>classpath:redis.properties</value>
	                <!--  
	                <value>classpath:mybatis-jdbc.properties</value>
	                -->
	            </list>
	        </property>
	</bean>
	
	<context:annotation-config />
	
	<context:component-scan base-package="com.chenxinjian.smartstock.server" />
	<!--  -->
<!--     <import resource="db-master.xml" /> 
    <import resource="db-slave.xml" /> -->
    
    <import resource="mina-config.xml" />
    <import resource="spring-db.xml" />
	<import resource="redis-config.xml" />
    <!--  
    <import resource="mybatis-config.xml" />
    -->
    </beans>